{
  "prompt_level_part_accuracy": {
    "1": {
      "1": 0.0,
      "2": 0.5,
      "3": 0.0,
      "4": 0.0,
      "5": 0.0
    },
    "2": {
      "1": 0.0,
      "2": 0.0,
      "3": 0.0,
      "4": 0.0
    },
    "3": {
      "1": 0.125,
      "2": 0.0,
      "3": 0.0,
      "4": 0.0
    },
    "4": {
      "1": 0.0,
      "2": 1.0,
      "3": 1.0,
      "4": 0.5,
      "5": 0.0
    },
    "5": {
      "1": 1.0,
      "2": 0.75,
      "3": 0.125,
      "4": 0.0,
      "5": 0.375
    },
    "6": {
      "1": 0.0,
      "2": 0.0,
      "3": 0.0
    },
    "7": {
      "1": 0.0,
      "2": 0.0,
      "3": 0.0
    },
    "8": {
      "1": 0.0,
      "2": 0.0,
      "3": 0.0,
      "4": 0.0
    },
    "9": {
      "1": 0.0,
      "2": 0.0,
      "3": 0.0
    },
    "10": {
      "1": 0.0,
      "2": 0.5
    },
    "11": {
      "1": 0.0,
      "2": 0.0,
      "3": 1.0
    },
    "12": {
      "1": 0.0,
      "2": 0.0,
      "3": 1.0
    },
    "13": {
      "1": 0.0,
      "2": 0.0,
      "3": 0.0,
      "4": 0.0
    },
    "14": {
      "1": 0.625,
      "2": 0.0,
      "3": 0.0,
      "4": 0.0,
      "5": 0.25
    },
    "15": {
      "1": 0.0,
      "2": 1.0,
      "3": 1.0
    },
    "16": {
      "1": 1.0,
      "2": 1.0,
      "3": 1.0,
      "4": 1.0,
      "5": 1.0
    },
    "17": {
      "1": 0.375,
      "2": 0.125,
      "3": 0.375
    },
    "18": {
      "1": 1.0,
      "2": 0.0,
      "3": 1.0
    },
    "19": {
      "1": 0.0,
      "2": 0.0,
      "3": 0.375
    },
    "20": {
      "1": 0.0,
      "2": 0.625
    }
  },
  "final_sequential_accuracy": {
    "1": 0.20625,
    "2": 0.275,
    "3": 0.3819444444444444,
    "4": 0.16666666666666666,
    "5": 0.325
  }
}